userID;username;group;points;level;startTime;endTime;overallDuration;overallDurationSec;durationTask1;durationTask2;durationTask3;durationTask4;durationTask5;durationTask6;taskTimes
122;CyberWarrior;1;28;3;2021-03-03 12:06:24.670000;2021-03-03 13:03:55.948000;0:57:31.278000;3.451.278;0.017;2.545;147.495;;;;"[[""2021-03-03T12:35:34.197Z"",""2021-03-03T12:35:34.214Z"",0.017],[""2021-03-03T12:56:30.807Z"",""2021-03-03T12:56:33.352Z"",2.545],[""2021-03-03T13:01:28.453Z"",""2021-03-03T13:03:55.948Z"",147.495]]"
189;HackOverflow;1;65;6;2021-03-03 12:07:25.983000;2021-03-03 13:03:46.100000;0:56:20.117000;3.380.117;0.005;14.252;233.26;303.038;13.198;157.746;"[[""2021-03-03T12:32:54.505Z"",""2021-03-03T12:32:54.510Z"",0.005],[""2021-03-03T12:38:15.101Z"",""2021-03-03T12:38:29.353Z"",14.252],[""2021-03-03T12:40:19.525Z"",""2021-03-03T12:44:12.785Z"",233.26],[""2021-03-03T12:45:28.048Z"",""2021-03-03T12:50:31.086Z"",303.038],[""2021-03-03T12:57:21.963Z"",""2021-03-03T12:57:35.161Z"",13.198],[""2021-03-03T13:01:08.354Z"",""2021-03-03T13:03:46.100Z"",157.746]]"
234;MrTuring;1;59;6;2021-03-03 12:05:53.318000;2021-03-03 13:01:58.037000;0:56:04.719000;3.364.719;0.015;19.767;93.564;174.43;135.186;290.887;"[[""2021-03-03T12:20:56.445Z"",""2021-03-03T12:20:56.460Z"",0.015],[""2021-03-03T12:26:15.889Z"",""2021-03-03T12:26:35.656Z"",19.767],[""2021-03-03T12:31:32.268Z"",""2021-03-03T12:33:05.832Z"",93.564],[""2021-03-03T12:42:41.760Z"",""2021-03-03T12:45:36.190Z"",174.43],[""2021-03-03T12:50:47.632Z"",""2021-03-03T12:53:02.818Z"",135.186],[""2021-03-03T12:57:07.150Z"",""2021-03-03T13:01:58.037Z"",290.887]]"
235;CyberrangeCowboy;1;96;6;2021-03-03 12:12:05.853000;2021-03-03 12:52:58.903000;0:40:53.050000;2453.05;0.003;0.002;121.666;11.823;0.006;9.137;"[[""2021-03-03T12:23:42.870Z"",""2021-03-03T12:23:42.873Z"",0.003],[""2021-03-03T12:28:10.710Z"",""2021-03-03T12:28:10.712Z"",0.002],[""2021-03-03T12:34:18.785Z"",""2021-03-03T12:36:20.451Z"",121.666],[""2021-03-03T12:43:08.683Z"",""2021-03-03T12:43:20.506Z"",11.823],[""2021-03-03T12:46:30.184Z"",""2021-03-03T12:46:30.190Z"",0.006],[""2021-03-03T12:52:49.766Z"",""2021-03-03T12:52:58.903Z"",9.137]]"
386;RootRuth;1;93;6;2021-03-03 12:12:45.399000;2021-03-03 13:08:42.721000;0:55:57.322000;3.357.322;0.005;63.335;118.054;147.545;0.006;20.731;"[[""2021-03-03T12:24:50.710Z"",""2021-03-03T12:24:50.715Z"",0.005],[""2021-03-03T12:29:29.021Z"",""2021-03-03T12:30:32.356Z"",63.335],[""2021-03-03T12:37:09.594Z"",""2021-03-03T12:39:07.648Z"",118.054],[""2021-03-03T12:47:30.868Z"",""2021-03-03T12:49:58.413Z"",147.545],[""2021-03-03T12:54:54.385Z"",""2021-03-03T12:54:54.391Z"",0.006],[""2021-03-03T13:08:21.990Z"",""2021-03-03T13:08:42.721Z"",20.731]]"
611;SecuritySandra;1;99;6;2021-03-03 12:11:15.873000;2021-03-03 12:57:10.385000;0:45:54.512000;2.754.512;0.002;1.751;91.854;2.937;0.006;0.004;"[[""2021-03-03T12:24:29.997Z"",""2021-03-03T12:24:29.999Z"",0.002],[""2021-03-03T12:28:50.948Z"",""2021-03-03T12:28:52.699Z"",1.751],[""2021-03-03T12:34:07.554Z"",""2021-03-03T12:35:39.408Z"",91.854],[""2021-03-03T12:46:35.684Z"",""2021-03-03T12:46:38.621Z"",2.937],[""2021-03-03T12:51:42.569Z"",""2021-03-03T12:51:42.575Z"",0.006],[""2021-03-03T12:57:10.381Z"",""2021-03-03T12:57:10.385Z"",0.004]]"
612;JavaJane;1;96;6;2021-03-03 12:06:57.609000;2021-03-03 12:50:15.559000;0:43:17.950000;2597.95;0.006;5.709;36.365;40.953;12.996;0.002;"[[""2021-03-03T12:20:48.727Z"",""2021-03-03T12:20:48.733Z"",0.006],[""2021-03-03T12:25:48.358Z"",""2021-03-03T12:25:54.067Z"",5.709],[""2021-03-03T12:36:33.075Z"",""2021-03-03T12:37:09.440Z"",36.365],[""2021-03-03T12:37:29.805Z"",""2021-03-03T12:38:10.758Z"",40.953],[""2021-03-03T12:42:33.581Z"",""2021-03-03T12:42:46.577Z"",12.996],[""2021-03-03T12:50:15.557Z"",""2021-03-03T12:50:15.559Z"",0.002]]"
723;SocSebastian;1;78;6;2021-03-03 12:36:49.565000;2021-03-03 12:50:30.038000;0:13:40.473000;820.473;0.003;167.758;;;;;"[[""2021-03-03T12:44:09.863Z"",""2021-03-03T12:44:09.866Z"",0.003],[""2021-03-03T12:47:42.280Z"",""2021-03-03T12:50:30.038Z"",167.758]]"
960;WhoAmI;1;48;6;2021-03-03 12:15:11.446000;2021-03-03 13:15:30.924000;1:00:19.478000;3.619.478;0.013;2.471;94.725;0.003;203.117;2.289;"[[""2021-03-03T12:28:17.362Z"",""2021-03-03T12:28:17.375Z"",0.013],[""2021-03-03T12:38:10.453Z"",""2021-03-03T12:38:12.924Z"",2.471],[""2021-03-03T12:43:41.208Z"",""2021-03-03T12:45:15.933Z"",94.725],[""2021-03-03T12:56:13.833Z"",""2021-03-03T12:56:13.836Z"",0.003],[""2021-03-03T13:05:38.601Z"",""2021-03-03T13:09:01.718Z"",203.117],[""2021-03-03T13:15:28.635Z"",""2021-03-03T13:15:30.924Z"",2.289]]"
128;CyberCop;2;92;6;2021-03-04 12:05:51.248000;2021-03-04 13:06:40.754000;1:00:49.506000;3.649.506;0.004;499.308;110.14;364.825;0.005;19.114;"[[""2021-03-04T12:25:22.448Z"",""2021-03-04T12:25:22.452Z"",0.004],[""2021-03-04T12:32:30.141Z"",""2021-03-04T12:40:49.449Z"",499.308],[""2021-03-04T12:45:37.076Z"",""2021-03-04T12:47:27.216Z"",110.14],[""2021-03-04T12:52:03.318Z"",""2021-03-04T12:58:08.143Z"",364.825],[""2021-03-04T13:01:29.799Z"",""2021-03-04T13:01:29.804Z"",0.005],[""2021-03-04T13:06:21.640Z"",""2021-03-04T13:06:40.754Z"",19.114]]"
140;PythonPeter;2;86;6;2021-03-04 12:05:20.262000;2021-03-04 13:11:30.247000;1:06:09.985000;3.969.985;0.005;11.721;124.131;0.027;46.592;;"[[""2021-03-04T12:21:04.130Z"",""2021-03-04T12:21:04.135Z"",0.005],[""2021-03-04T12:30:11.641Z"",""2021-03-04T12:30:23.362Z"",11.721],[""2021-03-04T12:35:31.792Z"",""2021-03-04T12:37:35.923Z"",124.131],[""2021-03-04T13:06:25.202Z"",""2021-03-04T13:06:25.229Z"",0.027],[""2021-03-04T13:10:43.655Z"",""2021-03-04T13:11:30.247Z"",46.592]]"
242;LocalhostLena;2;46;6;2021-03-04 12:15:06.666000;2021-03-04 13:15:40.883000;1:00:34.217000;3.634.217;0.026;Jun 59;139.112;81.667;126.47;228.948;"[[""2021-03-04T12:26:13.561Z"",""2021-03-04T12:26:13.587Z"",0.026],[""2021-03-04T12:29:12.869Z"",""2021-03-04T12:29:19.459Z"",6.59],[""2021-03-04T12:33:35.833Z"",""2021-03-04T12:35:54.945Z"",139.112],[""2021-03-04T13:03:20.625Z"",""2021-03-04T13:04:42.292Z"",81.667],[""2021-03-04T13:08:20.605Z"",""2021-03-04T13:10:27.075Z"",126.47],[""2021-03-04T13:11:51.935Z"",""2021-03-04T13:15:40.883Z"",228.948]]"
309;RollingInTheHeap;2;76;6;2021-03-04 12:15:45.563000;2021-03-04 13:20:10.087000;1:04:24.524000;3.864.524;0.006;8.985;134.771;225.562;20.603;386.207;"[[""2021-03-04T12:27:13.080Z"",""2021-03-04T12:27:13.086Z"",0.006],[""2021-03-04T12:36:30.089Z"",""2021-03-04T12:36:39.074Z"",8.985],[""2021-03-04T12:42:38.704Z"",""2021-03-04T12:44:53.475Z"",134.771],[""2021-03-04T12:59:44.831Z"",""2021-03-04T13:03:30.393Z"",225.562],[""2021-03-04T13:08:46.185Z"",""2021-03-04T13:09:06.788Z"",20.603],[""2021-03-04T13:13:43.880Z"",""2021-03-04T13:20:10.087Z"",386.207]]"
350;MrsRobot;2;92;6;2021-03-04 12:17:41.856000;2021-03-04 13:19:48.454000;1:02:06.598000;3.726.598;0.003;2.677;125.283;215.205;0.003;18.422;"[[""2021-03-04T12:32:48.100Z"",""2021-03-04T12:32:48.103Z"",0.003],[""2021-03-04T12:44:47.677Z"",""2021-03-04T12:44:50.354Z"",2.677],[""2021-03-04T12:47:45.798Z"",""2021-03-04T12:49:51.081Z"",125.283],[""2021-03-04T13:03:42.353Z"",""2021-03-04T13:07:17.558Z"",215.205],[""2021-03-04T13:15:03.834Z"",""2021-03-04T13:15:03.837Z"",0.003],[""2021-03-04T13:19:30.032Z"",""2021-03-04T13:19:48.454Z"",18.422]]"
354;DontByte;2;101;6;2021-03-04 11:58:25.311000;2021-03-04 13:10:05.123000;1:11:39.812000;4.299.812;0.017;3.677;16.089;12.051;0.007;0.007;"[[""2021-03-04T12:22:53.426Z"",""2021-03-04T12:22:53.443Z"",0.017],[""2021-03-04T12:32:54.125Z"",""2021-03-04T12:32:57.802Z"",3.677],[""2021-03-04T12:41:26.179Z"",""2021-03-04T12:41:42.268Z"",16.089],[""2021-03-04T12:51:14.643Z"",""2021-03-04T12:51:26.694Z"",12.051],[""2021-03-04T13:02:21.218Z"",""2021-03-04T13:02:21.225Z"",0.007],[""2021-03-04T13:10:05.116Z"",""2021-03-04T13:10:05.123Z"",0.007]]"
385;FirewallFlo;2;80;6;2021-03-04 12:07:09.343000;2021-03-04 13:02:25.603000;0:55:16.260000;3316.26;0.006;Jan 31;78.503;275.973;25.192;225.662;"[[""2021-03-04T12:21:33.089Z"",""2021-03-04T12:21:33.095Z"",0.006],[""2021-03-04T12:28:05.916Z"",""2021-03-04T12:28:07.226Z"",1.31],[""2021-03-04T12:32:25.752Z"",""2021-03-04T12:33:44.255Z"",78.503],[""2021-03-04T12:37:08.833Z"",""2021-03-04T12:41:44.806Z"",275.973],[""2021-03-04T12:52:28.296Z"",""2021-03-04T12:52:53.488Z"",25.192],[""2021-03-04T12:58:39.941Z"",""2021-03-04T13:02:25.603Z"",225.662]]"
392;AnonymousAnna;2;56;6;2021-03-04 12:07:54.551000;2021-03-04 13:18:39.597000;1:10:45.046000;4.245.046;0.002;47.783;116.555;291.503;553.585;26.971;"[[""2021-03-04T12:30:09.231Z"",""2021-03-04T12:30:09.233Z"",0.002],[""2021-03-04T12:35:53.969Z"",""2021-03-04T12:36:41.752Z"",47.783],[""2021-03-04T12:41:24.089Z"",""2021-03-04T12:43:20.644Z"",116.555],[""2021-03-04T12:52:59.892Z"",""2021-03-04T12:57:51.395Z"",291.503],[""2021-03-04T13:03:15.042Z"",""2021-03-04T13:12:28.627Z"",553.585],[""2021-03-04T13:18:12.626Z"",""2021-03-04T13:18:39.597Z"",26.971]]"
461;TuxThePenguin;2;96;6;2021-03-04 12:14:53.414000;2021-03-04 12:48:51.687000;0:33:58.273000;2.038.273;0.005;1.241;77.306;135.065;0.005;38.218;"[[""2021-03-04T12:22:15.417Z"",""2021-03-04T12:22:15.422Z"",0.005],[""2021-03-04T12:25:47.448Z"",""2021-03-04T12:25:48.689Z"",1.241],[""2021-03-04T12:31:26.458Z"",""2021-03-04T12:32:43.764Z"",77.306],[""2021-03-04T12:37:50.513Z"",""2021-03-04T12:40:05.578Z"",135.065],[""2021-03-04T12:43:33.541Z"",""2021-03-04T12:43:33.546Z"",0.005],[""2021-03-04T12:48:13.469Z"",""2021-03-04T12:48:51.687Z"",38.218]]"
935;Crewmate;2;93;6;2021-03-04 12:16:30.234000;2021-03-04 13:22:01.537000;1:05:31.303000;3.931.303;0.006;9.485;106.575;271.247;48.585;0.011;"[[""2021-03-04T12:28:47.537Z"",""2021-03-04T12:28:47.543Z"",0.006],[""2021-03-04T12:46:41.949Z"",""2021-03-04T12:46:51.434Z"",9.485],[""2021-03-04T12:53:10.070Z"",""2021-03-04T12:54:56.645Z"",106.575],[""2021-03-04T13:01:49.026Z"",""2021-03-04T13:06:20.273Z"",271.247],[""2021-03-04T13:12:50.975Z"",""2021-03-04T13:13:39.560Z"",48.585],[""2021-03-04T13:22:01.526Z"",""2021-03-04T13:22:01.537Z"",0.011]]"
391;PhpPhilip;6;91;6;2021-03-11 12:08:12.854000;2021-03-11 13:23:21.246000;1:15:08.392000;4.508.392;0.002;2.506;43.928;332.802;200.648;21.642;"[[""2021-03-11T12:35:14.634Z"",""2021-03-11T12:35:14.636Z"",0.002],[""2021-03-11T12:44:44.344Z"",""2021-03-11T12:44:46.850Z"",2.506],[""2021-03-11T12:53:03.529Z"",""2021-03-11T12:53:47.457Z"",43.928],[""2021-03-11T12:59:57.959Z"",""2021-03-11T13:05:30.761Z"",332.802],[""2021-03-11T13:14:23.456Z"",""2021-03-11T13:17:44.104Z"",200.648],[""2021-03-11T13:22:59.604Z"",""2021-03-11T13:23:21.246Z"",21.642]]"
395;SwiftSally;6;43;6;2021-03-11 11:49:08.139000;2021-03-11 13:35:02.625000;1:45:54.486000;6.354.486;0.007;1.803;185.758;157.296;202.892;193.638;"[[""2021-03-11T12:24:15.228Z"",""2021-03-11T12:24:15.235Z"",0.007],[""2021-03-11T12:55:50.373Z"",""2021-03-11T12:55:52.176Z"",1.803],[""2021-03-11T13:03:55.733Z"",""2021-03-11T13:07:01.491Z"",185.758],[""2021-03-11T13:09:34.090Z"",""2021-03-11T13:12:11.386Z"",157.296],[""2021-03-11T13:22:53.987Z"",""2021-03-11T13:26:16.879Z"",202.892],[""2021-03-11T13:31:48.987Z"",""2021-03-11T13:35:02.625Z"",193.638]]"
482;PearlPaula;6;76;6;2021-03-11 12:23:40.793000;2021-03-11 13:07:19.150000;0:43:38.357000;2.618.357;0.005;1.784;15.734;209.983;0.008;131.273;"[[""2021-03-11T12:32:44.429Z"",""2021-03-11T12:32:44.434Z"",0.005],[""2021-03-11T12:36:51.089Z"",""2021-03-11T12:36:52.873Z"",1.784],[""2021-03-11T12:42:59.767Z"",""2021-03-11T12:43:15.501Z"",15.734],[""2021-03-11T12:53:48.268Z"",""2021-03-11T12:57:18.251Z"",209.983],[""2021-03-11T13:01:31.975Z"",""2021-03-11T13:01:31.983Z"",0.008],[""2021-03-11T13:05:07.877Z"",""2021-03-11T13:07:19.150Z"",131.273]]"
581;ApacheAlex;6;82;6;2021-03-11 12:30:01.318000;2021-03-11 13:59:06.762000;1:29:05.444000;5.345.444;0.004;0.004;299.253;244.486;0.005;267.739;"[[""2021-03-11T12:41:02.480Z"",""2021-03-11T12:41:02.484Z"",0.004],[""2021-03-11T13:28:08.136Z"",""2021-03-11T13:28:08.140Z"",0.004],[""2021-03-11T13:33:13.817Z"",""2021-03-11T13:38:13.070Z"",299.253],[""2021-03-11T13:42:21.422Z"",""2021-03-11T13:46:25.908Z"",244.486],[""2021-03-11T13:50:16.639Z"",""2021-03-11T13:50:16.644Z"",0.005],[""2021-03-11T13:54:39.023Z"",""2021-03-11T13:59:06.762Z"",267.739]]"
148;MrRobot;3;55;6;2021-03-06 10:15:05.338000;2021-03-06 12:26:22.433000;2:11:17.095000;7.877.095;0.002;1.768;80.308;473.884;636.201;285.091;"[[""2021-03-06T10:33:29.130Z"",""2021-03-06T10:33:29.132Z"",0.002],[""2021-03-06T10:54:26.951Z"",""2021-03-06T10:54:28.719Z"",1.768],[""2021-03-06T11:09:23.339Z"",""2021-03-06T11:10:43.647Z"",80.308],[""2021-03-06T11:25:23.174Z"",""2021-03-06T11:33:17.058Z"",473.884],[""2021-03-06T12:02:51.618Z"",""2021-03-06T12:13:27.819Z"",636.201],[""2021-03-06T12:21:37.342Z"",""2021-03-06T12:26:22.433Z"",285.091]]"
212;BashBetty;3;30;6;2021-03-06 10:02:06.531000;2021-03-06 11:59:47.496000;1:57:40.965000;7.060.965;0.008;34.89;354.105;185;280.345;224.629;"[[""2021-03-06T10:38:30.737Z"",""2021-03-06T10:38:30.745Z"",0.008],[""2021-03-06T10:54:28.988Z"",""2021-03-06T10:55:03.878Z"",34.89],[""2021-03-06T11:21:37.210Z"",""2021-03-06T11:27:31.315Z"",354.105],[""2021-03-06T11:35:26.183Z"",""2021-03-06T11:38:31.183Z"",185],[""2021-03-06T11:44:57.793Z"",""2021-03-06T11:49:38.138Z"",280.345],[""2021-03-06T11:56:02.867Z"",""2021-03-06T11:59:47.496Z"",224.629]]"
423;DockerDustin;3;43;6;2021-03-06 09:58:40.679000;2021-03-06 12:13:32.295000;2:14:51.616000;8.091.616;0.022;68.601;608.822;320.5;197.342;661.39;"[[""2021-03-06T10:31:12.831Z"",""2021-03-06T10:31:12.853Z"",0.022],[""2021-03-06T10:55:37.559Z"",""2021-03-06T10:56:46.160Z"",68.601],[""2021-03-06T11:11:21.919Z"",""2021-03-06T11:21:30.741Z"",608.822],[""2021-03-06T11:34:59.916Z"",""2021-03-06T11:40:20.416Z"",320.5],[""2021-03-06T11:51:44.663Z"",""2021-03-06T11:55:02.005Z"",197.342],[""2021-03-06T12:02:30.905Z"",""2021-03-06T12:13:32.295Z"",661.39]]"
479;BobTheBuilder;3;33;6;2021-03-06 09:59:12.439000;2021-03-06 11:57:21.424000;1:58:08.985000;7.088.985;0.005;46.217;851.77;849.52;271.745;305.9;"[[""2021-03-06T10:34:46.002Z"",""2021-03-06T10:34:46.007Z"",0.005],[""2021-03-06T10:38:59.377Z"",""2021-03-06T10:39:45.594Z"",46.217],[""2021-03-06T10:42:20.225Z"",""2021-03-06T10:56:31.995Z"",851.77],[""2021-03-06T11:06:43.633Z"",""2021-03-06T11:20:53.153Z"",849.52],[""2021-03-06T11:44:32.458Z"",""2021-03-06T11:49:04.203Z"",271.745],[""2021-03-06T11:52:15.524Z"",""2021-03-06T11:57:21.424Z"",305.9]]"
519;ProgrammerPaul;3;30;6;2021-03-06 10:13:15.963000;2021-03-06 12:11:43.835000;1:58:27.872000;7.107.872;0.002;109.61;632.516;236.064;543.456;331.956;"[[""2021-03-06T10:40:26.168Z"",""2021-03-06T10:40:26.170Z"",0.002],[""2021-03-06T10:54:11.048Z"",""2021-03-06T10:56:00.658Z"",109.61],[""2021-03-06T11:15:05.844Z"",""2021-03-06T11:25:38.360Z"",632.516],[""2021-03-06T11:32:44.913Z"",""2021-03-06T11:36:40.977Z"",236.064],[""2021-03-06T11:47:41.018Z"",""2021-03-06T11:56:44.474Z"",543.456],[""2021-03-06T12:06:11.879Z"",""2021-03-06T12:11:43.835Z"",331.956]]"
552;KibanaKevin;3;42;6;2021-03-06 10:00:36.233000;2021-03-06 11:23:55.323000;1:23:19.090000;4999.09;0.003;21.084;75.037;204.959;251.796;110.678;"[[""2021-03-06T10:31:24.461Z"",""2021-03-06T10:31:24.464Z"",0.003],[""2021-03-06T10:38:54.369Z"",""2021-03-06T10:39:15.453Z"",21.084],[""2021-03-06T10:45:37.774Z"",""2021-03-06T10:46:52.811Z"",75.037],[""2021-03-06T10:53:07.282Z"",""2021-03-06T10:56:32.241Z"",204.959],[""2021-03-06T11:06:38.170Z"",""2021-03-06T11:10:49.966Z"",251.796],[""2021-03-06T11:22:04.645Z"",""2021-03-06T11:23:55.323Z"",110.678]]"
940;ScriptSusan;3;37;6;2021-03-06 10:16:21.344000;2021-03-06 11:57:24.975000;1:41:03.631000;6.063.631;0.005;61.187;167.777;1.433;62.125;242.535;"[[""2021-03-06T10:42:23.081Z"",""2021-03-06T10:42:23.086Z"",0.005],[""2021-03-06T11:17:44.205Z"",""2021-03-06T11:18:45.392Z"",61.187],[""2021-03-06T11:26:05.423Z"",""2021-03-06T11:28:53.200Z"",167.777],[""2021-03-06T11:43:59.621Z"",""2021-03-06T11:44:01.054Z"",1.433],[""2021-03-06T11:47:57.600Z"",""2021-03-06T11:48:59.725Z"",62.125],[""2021-03-06T11:53:22.440Z"",""2021-03-06T11:57:24.975Z"",242.535]]"
120;UbuntuUgo;4;58;6;2021-03-13 09:43:54.379000;2021-03-13 12:16:38.500000;2:32:44.121000;9.164.121;0.003;1.349;24.162;837.747;310.323;107.515;"[[""2021-03-13T10:10:00.557Z"",""2021-03-13T10:10:00.560Z"",0.003],[""2021-03-13T10:34:33.486Z"",""2021-03-13T10:34:34.835Z"",1.349],[""2021-03-13T10:46:44.806Z"",""2021-03-13T10:47:08.968Z"",24.162],[""2021-03-13T11:13:41.809Z"",""2021-03-13T11:27:39.556Z"",837.747],[""2021-03-13T12:04:40.001Z"",""2021-03-13T12:09:50.324Z"",310.323],[""2021-03-13T12:14:50.985Z"",""2021-03-13T12:16:38.500Z"",107.515]]"
126;MacroMarco;4;33;6;2021-03-14 14:13:42.161000;2021-03-14 16:44:16.989000;2:30:34.828000;9.034.828;0.091;0.18;94.162;66.246;0.005;104.996;"[[""2021-03-14T14:38:44.467Z"",""2021-03-14T14:38:44.558Z"",0.091],[""2021-03-14T14:53:25.784Z"",""2021-03-14T14:53:25.964Z"",0.18],[""2021-03-14T15:41:45.384Z"",""2021-03-14T15:43:19.546Z"",94.162],[""2021-03-14T16:07:54.218Z"",""2021-03-14T16:09:00.464Z"",66.246],[""2021-03-14T16:31:42.690Z"",""2021-03-14T16:31:42.695Z"",0.005],[""2021-03-14T16:42:31.993Z"",""2021-03-14T16:44:16.989Z"",104.996]]"
129;SyntaxStelios;4;100;6;2021-03-06 17:09:56.117000;2021-03-06 17:58:39.518000;0:48:43.401000;2.923.401;0.003;1.971;50.96;211.063;0.005;0.003;"[[""2021-03-06T17:20:18.033Z"",""2021-03-06T17:20:18.036Z"",0.003],[""2021-03-06T17:30:31.388Z"",""2021-03-06T17:30:33.359Z"",1.971],[""2021-03-06T17:38:08.582Z"",""2021-03-06T17:38:59.542Z"",50.96],[""2021-03-06T17:45:17.875Z"",""2021-03-06T17:48:48.938Z"",211.063],[""2021-03-06T17:53:14.605Z"",""2021-03-06T17:53:14.610Z"",0.005],[""2021-03-06T17:58:39.515Z"",""2021-03-06T17:58:39.518Z"",0.003]]"
190;FileFiona;4;84;6;2021-03-06 17:10:08.486000;2021-03-06 17:56:26.669000;0:46:18.183000;2.778.183;0.003;0.005;46.433;0.001;0.003;0.007;"[[""2021-03-06T17:18:56.315Z"",""2021-03-06T17:18:56.318Z"",0.003],[""2021-03-06T17:28:38.909Z"",""2021-03-06T17:28:38.914Z"",0.005],[""2021-03-06T17:30:43.365Z"",""2021-03-06T17:31:29.798Z"",46.433],[""2021-03-06T17:46:18.210Z"",""2021-03-06T17:46:18.211Z"",0.001],[""2021-03-06T17:52:18.601Z"",""2021-03-06T17:52:18.604Z"",0.003],[""2021-03-06T17:56:26.662Z"",""2021-03-06T17:56:26.669Z"",0.007]]"
230;ExcelEsther;4;47;6;2021-03-06 17:15:23.401000;2021-03-06 18:20:39.726000;1:05:16.325000;3.916.325;0.003;3.875;126.298;187.115;99.811;108.075;"[[""2021-03-06T17:25:55.643Z"",""2021-03-06T17:25:55.646Z"",0.003],[""2021-03-06T17:34:07.194Z"",""2021-03-06T17:34:11.069Z"",3.875],[""2021-03-06T17:40:35.099Z"",""2021-03-06T17:42:41.397Z"",126.298],[""2021-03-06T17:49:44.989Z"",""2021-03-06T17:52:52.104Z"",187.115],[""2021-03-06T18:08:05.579Z"",""2021-03-06T18:09:45.390Z"",99.811],[""2021-03-06T18:18:51.651Z"",""2021-03-06T18:20:39.726Z"",108.075]]"
239;SwitchSandra;4;85;6;2021-03-06 17:12:23.747000;2021-03-06 18:19:08.587000;1:06:44.840000;4004.84;0.003;Sep 53;91.427;41.817;24.228;329.737;"[[""2021-03-06T17:26:27.072Z"",""2021-03-06T17:26:27.075Z"",0.003],[""2021-03-06T17:38:38.943Z"",""2021-03-06T17:38:48.473Z"",9.53],[""2021-03-06T17:43:17.300Z"",""2021-03-06T17:44:48.727Z"",91.427],[""2021-03-06T17:55:19.156Z"",""2021-03-06T17:56:00.973Z"",41.817],[""2021-03-06T18:03:08.031Z"",""2021-03-06T18:03:32.259Z"",24.228],[""2021-03-06T18:13:38.850Z"",""2021-03-06T18:19:08.587Z"",329.737]]"
294;TcpTobias;4;53;6;2021-03-11 10:30:20.775000;2021-03-11 12:06:00.736000;1:35:39.961000;5.739.961;0.002;62.677;391.379;842.914;135.06;261.281;"[[""2021-03-11T10:45:32.898Z"",""2021-03-11T10:45:32.900Z"",0.002],[""2021-03-11T10:56:08.145Z"",""2021-03-11T10:57:10.822Z"",62.677],[""2021-03-11T11:08:09.748Z"",""2021-03-11T11:14:41.127Z"",391.379],[""2021-03-11T11:25:06.161Z"",""2021-03-11T11:39:09.075Z"",842.914],[""2021-03-11T11:50:48.290Z"",""2021-03-11T11:53:03.350Z"",135.06],[""2021-03-11T12:01:39.455Z"",""2021-03-11T12:06:00.736Z"",261.281]]"
473;ElasticEvan;4;84;6;2021-03-12 11:27:59.710000;2021-03-12 13:01:15.635000;1:33:15.925000;5.595.925;0.002;2.427;10.966;0.003;0.002;234.676;"[[""2021-03-12T11:44:02.998Z"",""2021-03-12T11:44:03.000Z"",0.002],[""2021-03-12T11:56:15.492Z"",""2021-03-12T11:56:17.919Z"",2.427],[""2021-03-12T12:18:55.098Z"",""2021-03-12T12:19:06.064Z"",10.966],[""2021-03-12T12:43:23.480Z"",""2021-03-12T12:43:23.483Z"",0.003],[""2021-03-12T12:47:50.436Z"",""2021-03-12T12:47:50.438Z"",0.002],[""2021-03-12T12:57:20.959Z"",""2021-03-12T13:01:15.635Z"",234.676]]"
492;OpensourceOlga;4;89;6;2021-03-11 12:19:05.443000;2021-03-11 14:07:10.830000;1:48:05.387000;6.485.387;0.008;21.754;839.851;76.16;0.007;23.384;"[[""2021-03-11T12:37:04.662Z"",""2021-03-11T12:37:04.670Z"",0.008],[""2021-03-11T12:48:51.159Z"",""2021-03-11T12:49:12.913Z"",21.754],[""2021-03-11T12:53:36.846Z"",""2021-03-11T13:07:36.697Z"",839.851],[""2021-03-11T13:30:06.291Z"",""2021-03-11T13:31:22.451Z"",76.16],[""2021-03-11T14:00:42.587Z"",""2021-03-11T14:00:42.594Z"",0.007],[""2021-03-11T14:06:47.446Z"",""2021-03-11T14:07:10.830Z"",23.384]]"
521;AlgorithmAnna;4;42;6;2021-03-06 17:06:10.965000;2021-03-06 18:42:00.074000;1:35:49.109000;5.749.109;0.004;0.002;59.794;0.002;90.785;175.218;"[[""2021-03-06T17:25:13.830Z"",""2021-03-06T17:25:13.834Z"",0.004],[""2021-03-06T17:46:18.784Z"",""2021-03-06T17:46:18.786Z"",0.002],[""2021-03-06T17:50:10.152Z"",""2021-03-06T17:51:09.946Z"",59.794],[""2021-03-06T18:11:42.292Z"",""2021-03-06T18:11:42.294Z"",0.002],[""2021-03-06T18:26:38.123Z"",""2021-03-06T18:28:08.908Z"",90.785],[""2021-03-06T18:39:04.856Z"",""2021-03-06T18:42:00.074Z"",175.218]]"
895;DatabaseDaniel;4;38;6;2021-03-06 17:00:22.091000;2021-03-06 18:54:27.703000;1:54:05.612000;6.845.612;0.003;Dez 65;95.581;775.092;165.065;303.301;"[[""2021-03-06T17:17:12.985Z"",""2021-03-06T17:17:12.988Z"",0.003],[""2021-03-06T17:40:02.906Z"",""2021-03-06T17:40:15.556Z"",12.65],[""2021-03-06T17:49:14.525Z"",""2021-03-06T17:50:50.106Z"",95.581],[""2021-03-06T18:08:15.465Z"",""2021-03-06T18:21:10.557Z"",775.092],[""2021-03-06T18:45:44.309Z"",""2021-03-06T18:48:29.374Z"",165.065],[""2021-03-06T18:49:24.402Z"",""2021-03-06T18:54:27.703Z"",303.301]]"
123;LinuxLisa;5;93;6;2021-03-05 19:03:25.824000;2021-03-05 20:12:03.187000;1:08:37.363000;4.117.363;0.003;8.121;178.739;244.291;0.01;19.457;"[[""2021-03-05T19:34:38.972Z"",""2021-03-05T19:34:38.975Z"",0.003],[""2021-03-05T19:39:44.652Z"",""2021-03-05T19:39:52.773Z"",8.121],[""2021-03-05T19:46:08.371Z"",""2021-03-05T19:49:07.110Z"",178.739],[""2021-03-05T19:53:54.908Z"",""2021-03-05T19:57:59.199Z"",244.291],[""2021-03-05T20:04:22.690Z"",""2021-03-05T20:04:22.700Z"",0.01],[""2021-03-05T20:11:43.730Z"",""2021-03-05T20:12:03.187Z"",19.457]]"
244;ErrorEric;5;29;6;2021-03-05 19:48:41.775000;2021-03-05 20:24:23.909000;0:35:42.134000;2.142.134;0.003;9.399;204.892;127.282;73.272;96.649;"[[""2021-03-05T20:00:30.084Z"",""2021-03-05T20:00:30.087Z"",0.003],[""2021-03-05T20:03:24.562Z"",""2021-03-05T20:03:33.961Z"",9.399],[""2021-03-05T20:04:44.465Z"",""2021-03-05T20:08:09.357Z"",204.892],[""2021-03-05T20:13:49.530Z"",""2021-03-05T20:15:56.812Z"",127.282],[""2021-03-05T20:17:07.126Z"",""2021-03-05T20:18:20.398Z"",73.272],[""2021-03-05T20:22:47.260Z"",""2021-03-05T20:24:23.909Z"",96.649]]"
773;MicrosoftMilo;5;37;5;2021-03-05 19:01:37.267000;2021-03-05 20:37:53.299000;1:36:16.032000;5.776.032;0.004;301.774;681.779;392.951;37.75;;"[[""2021-03-05T19:10:43.716Z"",""2021-03-05T19:10:43.720Z"",0.004],[""2021-03-05T19:33:54.538Z"",""2021-03-05T19:38:56.312Z"",301.774],[""2021-03-05T19:47:21.674Z"",""2021-03-05T19:58:43.453Z"",681.779],[""2021-03-05T20:28:34.159Z"",""2021-03-05T20:35:07.110Z"",392.951],[""2021-03-05T20:37:15.549Z"",""2021-03-05T20:37:53.299Z"",37.75]]"
290;AliceInWonderland;5;36;2;2021-03-06 10:29:44.434000;2021-03-06 11:36:21.297000;1:06:36.863000;3.996.863;0.003;126.187;;;;;"[[""2021-03-06T10:53:50.514Z"",""2021-03-06T10:53:50.517Z"",0.003],[""2021-03-06T11:34:15.110Z"",""2021-03-06T11:36:21.297Z"",126.187]]"
